title,author,date,content
"Two trains collide in Greece, killing 26 and injuring at least 85",,"Mar 1, 2023",https://www.japantimes.co.jp/news/2023/03/01/world/greece-train-crash-deaths/
"Quake killed more than 50,000 in Turkey and Syria, revised toll shows",,"Mar 1, 2023",https://www.japantimes.co.jp/news/2023/03/01/world/turkey-syria-quake-50000/
Antony Blinken offers to help jittery Central Asia reduce reliance on Russia,Shaun Tandon,"Mar 1, 2023",https://www.japantimes.co.jp/news/2023/03/01/world/antony-blinken-central-asia/
"Iran has uranium particles enriched to nearly bomb grade, IAEA says",Kiyoko Metzler,"Mar 1, 2023",https://www.japantimes.co.jp/news/2023/03/01/world/iran-uraniam-enrichment-iaea/
"Finland readies for vote on joining NATO, despite Sweden delay",,"Mar 1, 2023",https://www.japantimes.co.jp/news/2023/03/01/world/finland-nato-vote/
"Brisk daily walk could prevent 1 in 10 early deaths, study says",,"Mar 1, 2023",https://www.japantimes.co.jp/news/2023/03/01/world/brisk-walk-health-study/
Russians intensify assault on Bakhmut as Ukrainian forces try to dig in,,"Mar 1, 2023",https://www.japantimes.co.jp/news/2023/03/01/world/ukraine-bakhmut-fighting/
The EU is cracking down on plastic. Will others follow?,Olivia Rudgard,"Feb 28, 2023",https://www.japantimes.co.jp/news/2023/02/28/world/eu-plastic-crackdown-lead/
Cow manure fuels French tractors,Myriam Lemetayer,"Feb 28, 2023",https://www.japantimes.co.jp/news/2023/02/28/world/cow-dung-biofuel/
Janet Yellen makes surprise visit to Kyiv to reaffirm U.S. economic aid to Ukraine,Rod Nickel,"Feb 28, 2023",https://www.japantimes.co.jp/news/2023/02/28/world/yellen-surprise-kyiv-visit/
Brexit deal gives Sunak one chance to end years of EU acrimony,Ellen Milligan,"Feb 28, 2023",https://www.japantimes.co.jp/news/2023/02/28/world/sunak-brexit-deal-eu-acrimony/
Sunak strikes post-Brexit Northern Ireland deal with EU,Elizabeth Piper,"Feb 28, 2023",https://www.japantimes.co.jp/news/2023/02/28/world/sunak-post-brexit-northern-ireland-deal/
U.S. waits (and waits) on Biden re-election bid announcement,Sebastian Smith,"Feb 28, 2023",https://www.japantimes.co.jp/news/2023/02/28/world/us-waits-biden-reelection-bid/
Islamist militants have Pakistan's police in their crosshairs,Gibran Naiyyar Peshimam,"Feb 27, 2023",https://www.japantimes.co.jp/news/2023/02/27/world/islamist-militants-pakistan-police/
Sunak set to unveil Northern Ireland Brexit deal with EU,Kitty Donaldson,"Feb 27, 2023",https://www.japantimes.co.jp/news/2023/02/27/world/sunak-north-ireland-brexit-deal/
"Lab leak most likely caused pandemic, U.S. Energy Department says",Julian E. Barnes,"Feb 27, 2023",https://www.japantimes.co.jp/news/2023/02/27/world/us-views-china-covid-leak-likely/
U.S. in pressure campaign to stop China from arming Russia,Leon Bruneau,"Feb 27, 2023",https://www.japantimes.co.jp/news/2023/02/27/world/china-awkward-position-ukraine/
"Migrant shipwreck in Italy kills at least 59, including 12 children",Gianni Daniele,"Feb 27, 2023",https://www.japantimes.co.jp/news/2023/02/27/world/italy-migrant-shipwreck/
"Their hair long and flowing or in ponytails, women in Iran flaunt their locks",Farnaz Fassihi,"Feb 26, 2023",https://www.japantimes.co.jp/news/2023/02/26/world/iran-hijab-law-protest/
Northern Ireland deal could be struck in ‘matter of days’: Raab,,"Feb 26, 2023",https://www.japantimes.co.jp/news/2023/02/26/world/northern-ireland-deal/
Year of conflict in Ukraine has left Europe forever changed,Roger Cohen,"Feb 26, 2023",https://www.japantimes.co.jp/news/2023/02/26/world/europe-changed-ukraine-war/
"Tempered in a crucible of violence, Zelenskyy rises to the moment",Andrew E. Kramer," / ,Feb 26, 2023",https://www.japantimes.co.jp/news/2023/02/26/world/politics-diplomacy-world/volodymyr-zelenskyy-rises/
Macron to visit China as he urges Beijing to push Moscow to end war,," / ,Feb 26, 2023",https://www.japantimes.co.jp/news/2023/02/26/world/politics-diplomacy-world/macron-china-visit/
"Nigerians vote for new president, braving long delays in hope of bringing change",Hamza Ibrahim," / ,Feb 26, 2023",https://www.japantimes.co.jp/news/2023/02/26/world/politics-diplomacy-world/nigeria-election/
War in Ukraine deepens divide among major economies at G20 gathering,Alan Rappeport," / ,Feb 26, 2023",https://www.japantimes.co.jp/news/2023/02/26/world/politics-diplomacy-world/g20-divide-ukraine-war/
Germany's climate envoy wants clear G7 leadership on global warming,,"Feb 26, 2023",https://www.japantimes.co.jp/news/2023/02/26/world/germany-climate-envoy-g7-lead/
African climate activists fight online surveillance,Kim Harrisberg,"Feb 25, 2023",https://www.japantimes.co.jp/news/2023/02/25/world/africa-activists-surveillance/
"G20 to fail to reach consensus on Russia-Ukraine war, sources say",,"Feb 25, 2023",https://www.japantimes.co.jp/news/2023/02/25/world/g20-communique-disagreements/
The U.N. Security Council struggled to even agree to hold a minute of silence for Ukraine,,"Feb 25, 2023",https://www.japantimes.co.jp/news/2023/02/25/world/un-security-council-disagreements-ukraine/
"In Moscow one year on, a mixture of defiance and some sadness over Ukraine war",,"Feb 25, 2023",https://www.japantimes.co.jp/news/2023/02/25/world/russians-ukraine-war-anniversary/
World's largest ice rink stays shut for first time due to mild Canadian winter,,"Feb 25, 2023",https://www.japantimes.co.jp/news/2023/02/25/world/ottawa-rideau-canal-closed/
"Russia, Ukraine and the West vow to fight on, in a war with no end in sight",Anton Troianovski," | ,Feb 25, 2023",https://www.japantimes.co.jp/news/2023/02/25/world/russia-ukraine-war-fight-on/
WHO raises concern after father of girl who died from bird flu tests positive,," / ,Feb 25, 2023",https://www.japantimes.co.jp/news/2023/02/25/world/science-health-world/who-bird-flu-concern/
How will it end? No easy answers over Russia's war on Ukraine.,Delphine Touitou," | ,Feb 23, 2023",https://www.japantimes.co.jp/news/2023/02/23/world/ukraine-war-end-path/
Biden and Putin display their alliances with Ukraine war backdrop,,"Feb 23, 2023",https://www.japantimes.co.jp/news/2023/02/23/world/biden-putin-ukraine-war/
Putin says Russia and China have reached ‘new milestones’ on cooperation,,"Feb 22, 2023",https://www.japantimes.co.jp/news/2023/02/22/world/putin-wang-cooperation/
Hong Kong revokes visa of scientist jailed for creating first gene-edited babies,,"Feb 22, 2023",https://www.japantimes.co.jp/news/2023/02/22/world/he-jiankui-hong-kong/
"Scientists newly confirm 1,350 km metallic structure at heart of Earth's inner core",Will Dunham,"Feb 22, 2023",https://www.japantimes.co.jp/news/2023/02/22/world/earth-center-new-research/
Biden vows Russia will never win Ukraine as Putin fights on,,"Feb 22, 2023",https://www.japantimes.co.jp/news/2023/02/22/world/biden-poland-ukraine-war/
Nuclear risk seen rising as Putin 'suspends' last treaty with U.S.,Mark Trevelyan," | ,Feb 22, 2023",https://www.japantimes.co.jp/news/2023/02/22/world/us-russia-nuclear-treaty/
Putin suspends last nuclear treaty with U.S. and puts new missiles on combat duty,,"Feb 21, 2023",https://www.japantimes.co.jp/news/2023/02/21/world/putin-us-nuclear-arms-suspended/
Why the world needs a deal to protect its oceans,Jack Graham,"Feb 21, 2023",https://www.japantimes.co.jp/news/2023/02/21/world/why-world-protect-oceans/
Nuclear submarine plan shows fragility of nascent China-Australia reset,Ben Westcott," / ,Feb 21, 2023",https://www.japantimes.co.jp/news/2023/02/21/world/politics-diplomacy-world/nuclear-submarine-china-australia-reset/
Poland delivers first Leopard tanks to Ukraine,,"Feb 24, 2023",https://www.japantimes.co.jp/news/2023/02/24/world/poland-battle-tanks-ukraine/
How Biden’s shock-and-awe tactic is failing to stop Russia,Daniel Flatley,"Feb 24, 2023",https://www.japantimes.co.jp/news/2023/02/24/world/us-tactic-fails-to-stop-war/
China’s peace proposal for Ukraine war light on details,Gabriel Dominguez,"Feb 24, 2023",https://www.japantimes.co.jp/news/2023/02/24/world/china-ukraine-war-peace-proposal/
"New bird flu spreading worldwide poses no human pandemic risk, experts say",Julie Steenhuysen," / , | ,Feb 24, 2023",https://www.japantimes.co.jp/news/2023/02/24/world/science-health-world/health-experts-bird-flu-no-panic/
U.S. to bolster its small force on Taiwan in a signal to China,Peter Martin,"Feb 24, 2023",https://www.japantimes.co.jp/news/2023/02/24/world/us-bolster-small-taiwan-force/
Bone study transforms understanding of dinosaur growth,Will Dunham," / ,Feb 24, 2023",https://www.japantimes.co.jp/news/2023/02/24/world/science-health-world/dinosaur-bone-growth-study/
G20 host India resists calling Russia’s war a ‘war’,Ruchi Bhatia," / ,Feb 24, 2023",https://www.japantimes.co.jp/news/2023/02/24/world/politics-diplomacy-world/g20-india-russia-war/
Washington’s concern grows as Beijing steps up diplomatic initiatives with Moscow,Gabriel Dominguez,"Feb 23, 2023",https://www.japantimes.co.jp/news/2023/02/23/world/china-increased-diplomacy-russia/
How Europe ditched Russian fossil fuels with spectacular speed,Will Mathis,"Feb 23, 2023",https://www.japantimes.co.jp/news/2023/02/23/world/europe-russia-fossil-fuels/
U.S. spy plane pilot snaps high-altitude selfie with China balloon,,"Feb 23, 2023",https://www.japantimes.co.jp/news/2023/02/23/world/us-china-balloon-selfie/
CPR and defibrillators: What you need to know,Gina Kolata,"Feb 25, 2023",https://www.japantimes.co.jp/news/2023/02/25/world/science-health-world/cpr-cardiac-arrest/
G7 vows to strengthen coordinated sanctions on Russia over Ukraine,,"Feb 25, 2023",https://www.japantimes.co.jp/news/2023/02/25/world/g7-virtual-summit/
Ukrainians mourn and vow to fight on a year after Russia invaded,,"Feb 24, 2023",https://www.japantimes.co.jp/news/2023/02/24/world/ukraine-war-no-end-in-sight/
Inside the hunt for UFOs at the end of the world,Katie Rogers,"Feb 21, 2023",https://www.japantimes.co.jp/news/2023/02/21/world/inside-ufo-hunt/
"In Biden’s unannounced visit to Kyiv, a preview of an increasingly direct contest with Putin",David E. Sanger," / ,Feb 21, 2023",https://www.japantimes.co.jp/news/2023/02/21/world/politics-diplomacy-world/biden-visit-kyiv-contest-with-putin/
Putin's nuclear treaty move raises stakes over China's growing arsenal,Greg Torode," | ,Feb 23, 2023",https://www.japantimes.co.jp/news/2023/02/23/world/putin-nuclear-treaty-china/
Trump grand juror stirs uproar by hinting at panel’s discussions,Margaret Newkirk,"Feb 23, 2023",https://www.japantimes.co.jp/news/2023/02/23/world/trump-georgia-grand-juror/
Near misses raise fresh questions for U.S. air regulator,John Biers,"Feb 19, 2023",https://www.japantimes.co.jp/news/2023/02/19/world/us-aviation-questions/
"Former U.S. President Jimmy Carter, 98, opts for hospice care",Peter Baker,"Feb 19, 2023",https://www.japantimes.co.jp/news/2023/02/19/world/jimmy-carter-hospice-care/
The post-Cold War era is gone. A new arms race has arrived.,Marc Champion,"Feb 18, 2023",https://www.japantimes.co.jp/news/2023/02/18/world/post-cold-war-arms-race/
European allies vow more support for Kyiv at security meet,,"Feb 18, 2023",https://www.japantimes.co.jp/news/2023/02/18/world/ukraine-munich-security-conference/
Aid focus turns to the homeless and destitute in aftermath of Turkey quake,Suhaib Salem,"Feb 17, 2023",https://www.japantimes.co.jp/news/2023/02/17/world/turkey-quake-aid-focus-shift/
Ukraine prioritizes holding the line as global security leaders gather,Max Hunder,"Feb 17, 2023",https://www.japantimes.co.jp/news/2023/02/17/world/ukraine-priority-hold-front-line/
"Impacts of sea level rise and fragility of ice sheets underestimated, research shows",Marlowe Hood,"Feb 17, 2023",https://www.japantimes.co.jp/news/2023/02/17/world/climate-change-bad-news/
Witnesses in Trump election meddling probe may have lied under oath,Joseph Ax,"Feb 17, 2023",https://www.japantimes.co.jp/news/2023/02/17/world/trump-witnesses-possible-lies/
"Omicron still infected those with early COVID cases, study finds",Tanaz Meghjani," / ,Feb 17, 2023",https://www.japantimes.co.jp/news/2023/02/17/world/science-health-world/omicron-covid-study-infectiousness/
How a fog of questions over a spy balloon and UFOs fed a diplomatic crisis,Edward Wong,"Feb 16, 2023",https://www.japantimes.co.jp/news/2023/02/16/world/us-china-misreading-intentions-crisis/
Scotland's Nicola Sturgeon bows out at 'critical moment' for independence fight,Alistair Smout," | ,Feb 16, 2023",https://www.japantimes.co.jp/news/2023/02/16/world/sturgeon-resignation-scotland-critical-moment/
"Warm water melts weak spots on Antarctica's 'Doomsday glacier,' scientists say",Cassandra Garrison," / ,Feb 16, 2023",https://www.japantimes.co.jp/news/2023/02/16/world/science-health-world/doomsday-glacier-weak-spots-melt/
Three women and two children pulled from rubble in Turkey as aid reaches Syria,Henriette Chacar,"Feb 16, 2023",https://www.japantimes.co.jp/news/2023/02/16/world/turkey-syria-more-survivors/
Nikki Haley swipes at 'faded names' in bid for Republican 2024 nomination,Gram Slattery,"Feb 16, 2023",https://www.japantimes.co.jp/news/2023/02/16/world/nikki-haley-swipes-republicans/
U.S. could face debt-ceiling crisis this summer without deal,David Lawder,"Feb 16, 2023",https://www.japantimes.co.jp/news/2023/02/16/world/us-debt-limit-crisis/
Defying odds: A story of survival under Turkey's earthquake rubble,Ali Kucukgocmen,"Feb 16, 2023",https://www.japantimes.co.jp/news/2023/02/16/world/turkey-quake-survivor-story/
"Bird flu spreads to new countries, threatening nonstop 'war' on poultry",Tom Polansek,"Feb 16, 2023",https://www.japantimes.co.jp/news/2023/02/16/world/bird-flu-global-threat/
"Putin, secure in power, sets stage for long and draining war",Guy Faulconbridge,"Feb 16, 2023",https://www.japantimes.co.jp/news/2023/02/16/world/putin-long-war/
Old Russian hardware being fixed up by Ukrainian military repair shop,Phil Hazlewood,"Feb 21, 2023",https://www.japantimes.co.jp/news/2023/02/21/world/ukraine-fixes-old-russian-hardware/
How does aid get into rebel-held northwest Syria?,Rouba El Husseini,"Feb 21, 2023",https://www.japantimes.co.jp/news/2023/02/21/world/syria-aid-path-explainer/
Erdogan's hasty rebuild plan could leave Turkey at risk of more earthquake agony,Ceyda Caglayan,"Feb 21, 2023",https://www.japantimes.co.jp/news/2023/02/21/world/hasty-rebuild-turkey-quake-disaster/
'As long as it takes': How Biden slipped into a war zone to stand with Ukraine,Jennifer Jacobs," / ,Feb 21, 2023",https://www.japantimes.co.jp/news/2023/02/21/world/politics-diplomacy-world/biden-secrecy-ukraine-trip/
COVID hasn’t taught the world how to beat the next deadly virus,Michelle Fay Cortez," / ,Feb 21, 2023",https://www.japantimes.co.jp/news/2023/02/21/world/science-health-world/covid-lessons-next-deadly-virus/
Fresh earthquake hits Turkey-Syria border two weeks after disaster,Ali Kucukgocmen,"Feb 21, 2023",https://www.japantimes.co.jp/news/2023/02/21/world/fresh-earthquake-turkey-syria-border/
Biden pledges new military aid for Ukraine during surprise Kyiv visit,,"Feb 20, 2023",https://www.japantimes.co.jp/news/2023/02/20/world/biden-kyiv-visit/
Sunak set for his biggest political test yet with Brexit deal,Ellen Milligan,"Feb 20, 2023",https://www.japantimes.co.jp/news/2023/02/20/world/sunak-political-test-brexit-deal/
Biden intends to speak with Xi to defuse tensions over balloon,Jordan Fabian,"Feb 17, 2023",https://www.japantimes.co.jp/news/2023/02/17/world/biden-xi-talks-balloon/
U.S. Sen. John Fetterman checks into hospital for depression treatment,,"Feb 17, 2023",https://www.japantimes.co.jp/news/2023/02/17/world/fetterman-hospital-depression-treatment/
Afghan girls turn to religious schools as prospects narrow under Taliban rule,Charlotte Greenfield,"Feb 16, 2023",https://www.japantimes.co.jp/news/2023/02/16/world/afghan-girls-religious-schools/
Washington pushes for harsher action against banks with Russia ties,John O'Donnell,"Feb 15, 2023",https://www.japantimes.co.jp/news/2023/02/15/world/us-banks-russia-ties/
"Scotland's Nicola Sturgeon quits, saying she is too divisive to win independence",," / ,Feb 15, 2023",https://www.japantimes.co.jp/news/2023/02/15/world/politics-diplomacy-world/nicola-sturgeon-quits/
'Everything changed': Ukrainians look back on year of war,Ania Tsoukanova,"Feb 15, 2023",https://www.japantimes.co.jp/news/2023/02/15/world/ukrainians-year-of-war/
Ukraine’s allies are working through the consequences of the long war ahead,Marc Champion," | ,Feb 20, 2023",https://www.japantimes.co.jp/news/2023/02/20/world/ukraine-allies-long-war-consequences/
Nuclear inspectors in Iran find uranium enriched to 84% purity,Jonathan Tirone,"Feb 20, 2023",https://www.japantimes.co.jp/news/2023/02/20/world/iran-uranium-high-purity/
Ukraine presses U.S. Congress members for F-16 jet fighters,,"Feb 19, 2023",https://www.japantimes.co.jp/news/2023/02/19/world/ukraine-u-s-f-16/
Concerns and impatience over mining the world's seabeds,Amelie Bottollier-Depois,"Feb 19, 2023",https://www.japantimes.co.jp/news/2023/02/19/world/deep-sea-mining-fish/
Nikki Haley faces uphill battle with White House bid against former boss Trump,Mark Niquette," / ,Feb 15, 2023",https://www.japantimes.co.jp/news/2023/02/15/world/politics-diplomacy-world/nikki-haley-republicans-2024/
Elderly brothers eke out life among ruins of Ukraine war,Nacho Doce,"Feb 15, 2023",https://www.japantimes.co.jp/news/2023/02/15/world/elderly-brothers-ukraine-ruins/
Zelenskyy urges speedy help from allies as Russia pounds Ukraine's east,Pavel Polityuk,"Feb 15, 2023",https://www.japantimes.co.jp/news/2023/02/15/world/ukraine-zelenskyy-urges-aid/
"Omicron variant, thought to be milder, can increase risk for diabetes",Tanaz Meghjani," / ,Feb 15, 2023",https://www.japantimes.co.jp/news/2023/02/15/world/science-health-world/omicron-variant-health-risks/
"Rising seas threaten exodus on 'biblical' scale, warns U.N. head",,"Feb 15, 2023",https://www.japantimes.co.jp/news/2023/02/15/world/rising-seas-mass-exodus/
"Deep-sea mining noise pollution threatens whales, study finds",Luca Matteucci,"Feb 15, 2023",https://www.japantimes.co.jp/news/2023/02/15/world/seabed-mining-whale-impacts/
"New aid route to rebel-held Syria opens as quake toll nears 40,000",,"Feb 15, 2023",https://www.japantimes.co.jp/news/2023/02/15/world/turkey-syria-quake-aid-route/
Nikki Haley announces 2024 Republican presidential bid in first challenge to Trump,," / ,Feb 14, 2023",https://www.japantimes.co.jp/news/2023/02/14/world/politics-diplomacy-world/nikki-haley-us-presidential-bid/
Experts back more robust U.S. estimates of social cost of carbon,,"Feb 14, 2023",https://www.japantimes.co.jp/news/2023/02/14/world/social-cost-of-carbon/
Cyclone-battered New Zealand declares national emergency,Diego Opatowski,"Feb 14, 2023",https://www.japantimes.co.jp/news/2023/02/14/world/cyclone-new-zealand-national-emergency/
'Terrible toll': Russia's invasion of Ukraine by the numbers,Cecile Feuillatre,"Feb 14, 2023",https://www.japantimes.co.jp/news/2023/02/14/world/russia-invasion-of-ukraine-numbers/
"Olena Kurylo, known as face of Ukraine war, recalls Russia's invasion",Bernard Osser,"Feb 14, 2023",https://www.japantimes.co.jp/news/2023/02/14/world/olena-kurylo-recalls-russia-invasion/
Putin’s war in Ukraine pushes ex-Soviet states toward new allies,,"Jan 31, 2023",https://www.japantimes.co.jp/news/2023/01/31/world/putin-war-ex-soviet-states/
"From ashes to fly larvae, new ideas aim to revive farm soil",Rod Nickel," | ,Jan 31, 2023",https://www.japantimes.co.jp/news/2023/01/31/world/revive-farm-soil-ideas/
U.S. to end COVID emergency declarations in May,Josh Wingrove,"Jan 31, 2023",https://www.japantimes.co.jp/news/2023/01/31/world/us-to-end-covid-emergency-status/
Bolsonaro has no intention of cutting his stay in Florida short,Daniel Carvalho,"Jan 31, 2023",https://www.japantimes.co.jp/news/2023/01/31/world/bolsonaro-florida-stay/
Biden says no F-16s for Ukraine as Russia claims gains,Tom Balmforth,"Jan 31, 2023",https://www.japantimes.co.jp/news/2023/01/31/world/no-f16-jets-ukraine/
"At Ukraine front, embattled Bakhmut residents desperate for water",Susannah Walden,"Jan 30, 2023",https://www.japantimes.co.jp/news/2023/01/30/world/bakhmut-residents-desperate-for-water/
NATO chief urges South Korea to step up military support for Ukraine,Soo-Hyang Choi,"Jan 30, 2023",https://www.japantimes.co.jp/news/2023/01/30/world/nato-chief-seoul-weapons/
Turkey's Erdogan says Finland may join NATO without Sweden,Dmitry Zaks,"Jan 30, 2023",https://www.japantimes.co.jp/news/2023/01/30/world/erdogan-nato-finland/
Trump confronts 2024 obstacles as he returns to campaign trail,Christian Hall," / ,Jan 30, 2023",https://www.japantimes.co.jp/news/2023/01/30/world/politics-diplomacy-world/trump-2024-bid-obstacles/
Putin plans new Ukraine push despite losses as he prepares for years of war,," | ,Jan 30, 2023",https://www.japantimes.co.jp/news/2023/01/30/world/vladimir-putin-russia-ukraine-war-years/
Sunak fires Zahawi citing ‘serious’ ethics breach over taxes,," / ,Jan 29, 2023",https://www.japantimes.co.jp/news/2023/01/29/world/politics-diplomacy-world/sunak-fires-zahawi/
"In Texas oil country, an unfamiliar threat: earthquakes",J. David Goodman,"Jan 29, 2023",https://www.japantimes.co.jp/news/2023/01/29/world/texas-oil-country-earthquakes/
"Wagner founder has Putin’s support, but the Kremlin’s side-eye",Anton Troianovski," / ,Feb 12, 2023",https://www.japantimes.co.jp/news/2023/02/12/world/politics-diplomacy-world/wagner-chief-prigozhin/
"Turkey-Syria quake deaths pass 28,000; U.N. expects toll to double",,"Feb 12, 2023",https://www.japantimes.co.jp/news/2023/02/12/world/turkey-quake-deaths/
Russia says NATO should hold emergency summit over Nord Stream blasts,,"Feb 12, 2023",https://www.japantimes.co.jp/news/2023/02/12/world/nord-stream-pipeline/
Rishi Sunak is privately drafting plans to rebuild Britain’s ties with the EU,Alex Wickham," / ,Feb 11, 2023",https://www.japantimes.co.jp/news/2023/02/11/world/politics-diplomacy-world/rishi-sunak-eu-ties/
Uprooted: Amazonian Siekopai people battle for return to ancestral land,Hervé Bar,"Feb 11, 2023",https://www.japantimes.co.jp/news/2023/02/11/world/siekopai-homeland-return/
"In eastern Ukraine, snipers watch and wait in bitter cold",Phil Hazlewood,"Feb 11, 2023",https://www.japantimes.co.jp/news/2023/02/11/world/snipers-ukraine-east/
How a band of Ukraine civilians helped seal Russia's biggest defeat,Jonathan Landay,"Feb 11, 2023",https://www.japantimes.co.jp/news/2023/02/11/world/kherson-spying-russia-defeat/
Turkey earthquake evokes questions over building standards,," | ,Feb 11, 2023",https://www.japantimes.co.jp/news/2023/02/11/world/turkey-earthquakes-building-standards/
U.S. downs high-altitude object over Alaska as China tensions surge,Jesse Johnson,"Feb 11, 2023",https://www.japantimes.co.jp/news/2023/02/11/world/us-object-shoot-down-china-alaska/
"Children rescued as Turkey-Syria quake toll nears 24,000",,"Feb 11, 2023",https://www.japantimes.co.jp/news/2023/02/11/world/turkey-earthquake-winter-freeze/
"Long-term air pollution exposure raises depression risk, studies find",," / ,Feb 11, 2023",https://www.japantimes.co.jp/news/2023/02/11/world/science-health-world/depression-pollution-studies/
Russia hits Ukraine power grid as Biden says he'll visit Poland,,"Feb 11, 2023",https://www.japantimes.co.jp/news/2023/02/11/world/russia-attack-ukraine-joe-biden-poland/
"In China, public response to balloon saga is more humor than anger",Alyssa Chen,"Feb 10, 2023",https://www.japantimes.co.jp/news/2023/02/10/world/china-public-balloon-saga/
"France won't rule out fighter jets for Ukraine, but says more immediate firepower needed",,"Feb 10, 2023",https://www.japantimes.co.jp/news/2023/02/10/world/ukraine-war-new-offensive/
U.S. says China’s balloon was capable of spying on communications,Iain Marlow,"Feb 10, 2023",https://www.japantimes.co.jp/news/2023/02/10/world/china-balloon-spying-communications/
"With eye on China, U.S. Democrats want more resources for Indo-Pacific",,"Feb 10, 2023",https://www.japantimes.co.jp/news/2023/02/10/world/us-china-indo-pacific/
Pence gets subpoena from special counsel in Jan. 6 investigation,Maggie Haberman,"Feb 10, 2023",https://www.japantimes.co.jp/news/2023/02/10/world/mike-pence-subpoena/
Fighter planes for Ukraine mark a complex challenge for Kyiv's allies,Daphne Benoit,"Feb 10, 2023",https://www.japantimes.co.jp/news/2023/02/10/world/ukraine-fighter-jet-challenge/
"Rescues provide glimmer of hope among Turkey quake ruins as death toll tops 20,000",,"Feb 10, 2023",https://www.japantimes.co.jp/news/2023/02/10/world/turkey-syria-quake-deaths/
Glacier lakes swollen by global warming threaten millions,Marlowe Hood,"Feb 9, 2023",https://www.japantimes.co.jp/news/2023/02/09/world/glacier-melt-floods/
"Spurred by wave of protest, children of Iran’s revolution face ghosts of brutal past",,"Feb 9, 2023",https://www.japantimes.co.jp/news/2023/02/09/world/iran-revolution-children-uprising/
Tree study shows how three years of drought may have doomed ancient empires,Will Dunham,"Feb 9, 2023",https://www.japantimes.co.jp/news/2023/02/09/world/ancient-empire-drought-ruin-study/
Zelenskyy takes pitch for weapons and EU membership to Brussels,Pavel Polityuk,"Feb 9, 2023",https://www.japantimes.co.jp/news/2023/02/09/world/zelenskyy-eu-arms-membership-push/
A fifth of the world’s species-rich wetlands have been destroyed,Eric Roston,"Feb 9, 2023",https://www.japantimes.co.jp/news/2023/02/09/world/wetland-destruction/
"Trial of new COVID-19 treatment yields encouraging results, study shows",,"Feb 9, 2023",https://www.japantimes.co.jp/news/2023/02/09/world/covid-study-hospitalization-risk-down/
Earthquake in Syria offers leverage to isolated Bashar Assad,Tom Perry," | ,Feb 9, 2023",https://www.japantimes.co.jp/news/2023/02/09/world/syria-earthquake-leverage-assad/
"Putin likely approved supply of missile that struck MH17, investigators say",Danny Kemp,"Feb 9, 2023",https://www.japantimes.co.jp/news/2023/02/09/world/putin-mh17-investigation-missiles/
Hope fading in hunt for survivors of Turkey-Syria quake amid freezing cold,,"Feb 9, 2023",https://www.japantimes.co.jp/news/2023/02/09/world/turkey-syria-quake-response-criticism/
Zelenskyy lands in U.K. ahead of invasion anniversary,Helen Rowe,"Feb 8, 2023",https://www.japantimes.co.jp/news/2023/02/08/world/zelenskyy-britain-visit/
Moscow intensifies winter assault as Kyiv expects new offensive,,"Feb 8, 2023",https://www.japantimes.co.jp/news/2023/02/08/world/russia-ukraine-new-offensive/
The people onscreen are fake. The disinformation is real.,Adam Satariano,"Feb 8, 2023",https://www.japantimes.co.jp/news/2023/02/08/world/misinformation-fake-videos/
"Children pulled from rubble as Turkey-Syria quake toll tops 11,200",,"Feb 8, 2023",https://www.japantimes.co.jp/news/2023/02/08/world/turkey-syria-earthquake-rescue/
Biden warns U.S. will act on China after balloon downing,," / ,Feb 8, 2023",https://www.japantimes.co.jp/news/2023/02/08/world/politics-diplomacy-world/joe-biden-china-balloon/
Upbeat Biden urges U.S. unity and vows to restore blue-collar pride,Sebastian Smith," / ,Feb 8, 2023",https://www.japantimes.co.jp/news/2023/02/08/world/politics-diplomacy-world/joe-biden-us-state-of-union/
"With cash infusion, developing nations boost sun-dimming research",Alister Doyle," / , | ,Feb 8, 2023",https://www.japantimes.co.jp/news/2023/02/08/world/science-health-world/sun-dimming-research-developing-nations/
Lula's Amazon pledge looks distant as Brazil battles deforestation,Jake Spring,"Feb 8, 2023",https://www.japantimes.co.jp/news/2023/02/08/world/lula-amazon-pledge-distant/
Apocalyptic scenes haunt Turkish children after deadly quake,Fulya Ozerkan,"Feb 14, 2023",https://www.japantimes.co.jp/news/2023/02/14/world/turkey-quake-children-trauma/
U.S. military says key sensors recovered from downed Chinese balloon,Phil Stewart,"Feb 14, 2023",https://www.japantimes.co.jp/news/2023/02/14/world/us-sensors-chinese-balloon/
"Turkey wasn't prepared for quake, responders say, amid anger over lost lives",,"Feb 14, 2023",https://www.japantimes.co.jp/news/2023/02/14/world/inside-struggles-turkey-earthquake/
Kremlin moves to rein in Russian mercenary boss Yevgeny Prigozhin,Andrew Osborn,"Feb 14, 2023",https://www.japantimes.co.jp/news/2023/02/14/world/russian-mercenary-boss-prigozhin/
Turkey finds more survivors as anger grows a week after killer quake,,"Feb 14, 2023",https://www.japantimes.co.jp/news/2023/02/14/world/turkey-syria-quake-search-ends/
Britain’s cherished NHS wrestles with its ‘reform or die’ moment,Emily Ashton,"Feb 13, 2023",https://www.japantimes.co.jp/news/2023/02/13/world/uk-nhs-reform-or-die-moment/
"Turkey-Syria earthquake death toll tops 33,000 as search for survivors continues",,"Feb 13, 2023",https://www.japantimes.co.jp/news/2023/02/13/world/turkey-syria-quake-security/
Scholz’s Social Democrats crash to worst result ever in Berlin election,Michael Nienaber,"Feb 13, 2023",https://www.japantimes.co.jp/news/2023/02/13/world/scholz-worst-berlin-election-result/
Ukraine's ski resorts offer relief and respite during war,Megan Specia,"Feb 13, 2023",https://www.japantimes.co.jp/news/2023/02/13/world/ukraine-ski-resort-war-respite/
"Take a bow-wow! Meet Bobi, the world's oldest dog on record",Catarina Demony," / ,Feb 5, 2023",https://www.japantimes.co.jp/news/2023/02/05/world/offbeat-world/oldest-dog-portugal/
Germany's Olaf Scholz is learning that it’s not easy going green,William Wilkes," | ,Feb 5, 2023",https://www.japantimes.co.jp/news/2023/02/05/world/olaf-scholz-green-struggle/
Russia pushes to take Ukrainian town near a vital supply line,Marc Santora,"Feb 5, 2023",https://www.japantimes.co.jp/news/2023/02/05/world/russia-push-key-ukraine-town/
"Forget Trump, Democrats are preparing ways to beat a campaign by Ron DeSantis",Nancy Cook," / , | ,Feb 5, 2023",https://www.japantimes.co.jp/news/2023/02/05/world/politics-diplomacy-world/democrats-ron-desantis-focus/
U.S. shoots down suspected Chinese spy balloon with a single missile,,"Feb 5, 2023",https://www.japantimes.co.jp/news/2023/02/05/world/us-china-spy-balloon-shot-down/
"Fears of Russian nuclear weapons use have diminished, but could re-emerge",Julian E. Barnes,"Feb 4, 2023",https://www.japantimes.co.jp/news/2023/02/04/world/russia-us-nuclear-red-lines/
Concrete traps carbon dioxide soaked from air in climate-friendly test,," / ,Feb 4, 2023",https://www.japantimes.co.jp/news/2023/02/04/world/science-health-world/climate-change-pollution-emissions-carbon-concrete/
"Rescue work moves slowly as Turkey earthquake death toll passes 5,000",,"Feb 7, 2023",https://www.japantimes.co.jp/news/2023/02/07/world/turkey-syria-earthquake-death-toll/
Eight-week wait for visas to Europe slows China’s reopening,,"Feb 7, 2023",https://www.japantimes.co.jp/news/2023/02/07/world/eight-week-visas-europe-china/
"Recovering debris from Chinese balloon, U.S. weighs Beijing's involvement",Jennifer Jacobs,"Feb 7, 2023",https://www.japantimes.co.jp/news/2023/02/07/world/balloon-recovery-what-china-knew/
Swiss neutrality on the line as arms-for-Ukraine debate heats up,John Revill," / ,Feb 7, 2023",https://www.japantimes.co.jp/news/2023/02/07/world/politics-diplomacy-world/swiss-neutrality-arms-for-ukraine/
Dollars smuggled from Pakistan bring lifeline for Taliban but pain for Islamabad,Eltaf Najafizada,"Feb 7, 2023",https://www.japantimes.co.jp/news/2023/02/07/world/dollars-smuggled-pakistan-taliban/
Why was the Turkey-Syria earthquake so deadly?,Daniel Lawler,"Feb 7, 2023",https://www.japantimes.co.jp/news/2023/02/07/world/turkey-syria-earthquake-deadly-explain/
"Silent phones, freezing rain and anguish in Turkey quake",Remi Banet,"Feb 7, 2023",https://www.japantimes.co.jp/news/2023/02/07/world/silent-phones-freezing-rain-and-anguish-in-turkey-quake/
"Over 1,000 dead after earthquakes hit Turkey and Syria",Dmitry Zaks,"Feb 6, 2023",https://www.japantimes.co.jp/news/2023/02/06/world/turkey-major-earthquake/
How can drought-parched Somalia break out of endless crisis?,Laurie Goering," | ,Feb 6, 2023",https://www.japantimes.co.jp/news/2023/02/06/world/somalia-drought-cycle-break/
Ruling out aliens? Senior U.S. general says not ruling out anything yet,Phil Stewart,"Feb 13, 2023",https://www.japantimes.co.jp/news/2023/02/13/world/u-s-aliens-not-ruled-out/
U.S. fighters down more flying objects as tension ratchets higher,Ian Fisher,"Feb 13, 2023",https://www.japantimes.co.jp/news/2023/02/13/world/u-s-jet-shoots-down-objects/
Canadian search teams hunt for wreckage after latest shoot-down,,"Feb 13, 2023",https://www.japantimes.co.jp/news/2023/02/13/world/canada-balloon-shoot-down/
Western allies pledge precision rockets and missile systems to Ukraine,,"Feb 4, 2023",https://www.japantimes.co.jp/news/2023/02/04/world/west-long-range-precision-weapons-ukraine/
"In climate resilience push, U.S. federal cash flows to coastal rich",David Sherfinski,"Feb 3, 2023",https://www.japantimes.co.jp/news/2023/02/03/world/us-climate-funds-flow-to-rich/
Nebraskans are sitting on strategic metals. Is mining a patriotic duty?,Dionne Searcey,"Feb 3, 2023",https://www.japantimes.co.jp/news/2023/02/03/world/nebraska-mining-patriotic-duty/
Soaring death toll gives grim insight into Russian tactics,Helene Cooper,"Feb 3, 2023",https://www.japantimes.co.jp/news/2023/02/03/world/russian-tactics-insight/
"In a health system in crisis, Britain's heart care suffers",Alistair Smout,"Feb 3, 2023",https://www.japantimes.co.jp/news/2023/02/03/world/uk-heart-care-crisis/
New U.K. climate lab puts whole homes to test against weather of the future,Olivier Devos,"Feb 6, 2023",https://www.japantimes.co.jp/news/2023/02/06/world/uk-future-homes-climate-test/
"Ukraine to replace defense minister in wartime reshuffle, top lawmaker says",Tom Balmforth,"Feb 6, 2023",https://www.japantimes.co.jp/news/2023/02/06/world/ukraine-defense-minister-replace/
Iran's Supreme leader pardons large number of security-related prisoners linked to protests,," / ,Feb 5, 2023",https://www.japantimes.co.jp/news/2023/02/05/world/politics-diplomacy-world/iran-prisoner-releases/
"EU-Ukraine wartime summit to deliver on some issues, disappoint on others",Tom Balmforth,"Feb 3, 2023",https://www.japantimes.co.jp/news/2023/02/03/world/ukraine-eu-summit/
Ukraine's new weapon will force a Russian shift,Mike Stone," | ,Feb 3, 2023",https://www.japantimes.co.jp/news/2023/02/03/world/ukraine-new-weapons-russia-shift/
"Chinese spy balloon flying over the United States, Pentagon says",Idrees Ali,"Feb 3, 2023",https://www.japantimes.co.jp/news/2023/02/03/world/china-spy-balloon-us/
Afghans seeking haven in U.S. skyrocket despite risky passage through 11 countries,Mica Rosenberg,"Feb 2, 2023",https://www.japantimes.co.jp/news/2023/02/02/world/afghans-trek-to-us/
Seeing is believing? A global scramble to tackle deepfakes,Anuj Chopra,"Feb 2, 2023",https://www.japantimes.co.jp/news/2023/02/02/world/global-scramble-tackle-deepfakes/
"Canada commits to taking in 10,000 Uyghur refugees from 2024",,"Feb 2, 2023",https://www.japantimes.co.jp/news/2023/02/02/world/uyghur-refugees-canada/
"Nikki Haley, once Trump's U.N. ambassador, to take him on in 2024",," / ,Feb 2, 2023",https://www.japantimes.co.jp/news/2023/02/02/world/politics-diplomacy-world/nikki-haley-trump-2024/
Russia advances in eastern Ukraine as strike on apartments kills civilians,,"Feb 2, 2023",https://www.japantimes.co.jp/news/2023/02/02/world/ukraine-russia-donetsk-fighting/
Half a million strike in U.K.'s largest walkout in 12 years,Veronique Dupont,"Feb 1, 2023",https://www.japantimes.co.jp/news/2023/02/01/world/uk-wage-strike/
U.S. to lift COVID emergencies from May 11 — what happens next?,,"Feb 1, 2023",https://www.japantimes.co.jp/news/2023/02/01/world/us-end-covid-emergencies/
Ukraine to hold EU summit in Kyiv with hope for progress on bloc membership,Stanislav Doshchitsyn,"Feb 1, 2023",https://www.japantimes.co.jp/news/2023/02/01/world/kyiv-eu-membership-hope/
"Planting trees could cut urban heat wave deaths by a third, study says",Marlowe Hood,"Feb 1, 2023",https://www.japantimes.co.jp/news/2023/02/01/world/trees-heat-waves-health-study/
"To fix its problems in Ukraine, Russia turns to the architect of the war",Helene Cooper,"Jan 29, 2023",https://www.japantimes.co.jp/news/2023/01/29/world/valery-gerasimov-russian-war-architect/
Three shot dead at party at luxury Los Angeles home,," / ,Jan 29, 2023",https://www.japantimes.co.jp/news/2023/01/29/world/crime-legal-world/los-angeles-shooting/
Cracking under pressure: Inside the race to fix France’s nuclear plants,Francois De Beaupuy,"Jan 28, 2023",https://www.japantimes.co.jp/news/2023/01/28/world/france-nuclear-plant-repair/
Sunak offered hope for next election — if his government can get its act together,Alex Wickham," / , | ,Jan 28, 2023",https://www.japantimes.co.jp/news/2023/01/28/world/politics-diplomacy-world/rishi-sunak-uk-cabinet-strategy/
Why Biden pushes an assault weapons ban despite the political odds,Jeff Mason," / , | ,Jan 28, 2023",https://www.japantimes.co.jp/news/2023/01/28/world/politics-diplomacy-world/biden-assault-rifles-ban/
"'Love hormone'? Not so fast, new study suggests.",Sara Hussein," / ,Jan 28, 2023",https://www.japantimes.co.jp/news/2023/01/28/world/science-health-world/love-hormone-oxytocin-study/
Footage from attack on Paul Pelosi released by authorities,," / ,Jan 28, 2023",https://www.japantimes.co.jp/news/2023/01/28/world/politics-diplomacy-world/paul-pelosi-attack-video/
Palestinian gunman kills seven in east Jerusalem synagogue attack,,"Jan 28, 2023",https://www.japantimes.co.jp/news/2023/01/28/world/israel-palestinians-terrorism-shooting-east-jerusalem/
Memphis releases deadly police beating video,," / ,Jan 28, 2023",https://www.japantimes.co.jp/news/2023/01/28/world/crime-legal-world/tyre-nichols-us-police-beating-death-video/
Newly discovered asteroid passes close to Earth,Anastasia Marks,"Jan 27, 2023",https://www.japantimes.co.jp/news/2023/01/27/world/asteroid-close-earth-pass/
"Russian activist, 80, fights on despite crackdown",Maria Danilova,"Jan 27, 2023",https://www.japantimes.co.jp/news/2023/01/27/world/russian-activist-fights-on/
Erdogan thrusts NATO expansion issue into Turkey's tense election campaign,Huseyin Hayatsever," | ,Jan 27, 2023",https://www.japantimes.co.jp/news/2023/01/27/world/turkey-sweden-nato-bid/
10 Palestinians killed as Israel launches deadliest West Bank raid in years,,"Jan 27, 2023",https://www.japantimes.co.jp/news/2023/01/27/world/israel-west-bank-raid/
"Long COVID is keeping significant numbers of people out of work, study finds",Pam Belluck," / ,Jan 25, 2023",https://www.japantimes.co.jp/news/2023/01/25/world/science-health-world/long-covid-out-of-work-study/
Library thrives in Pakistan's 'wild west' gun market town,Sajjad Tarakzai,"Jan 25, 2023",https://www.japantimes.co.jp/news/2023/01/25/world/pakistan-gun-town-library/
Lab-grown meat moves closer to American dinner plates,Leah Douglas,"Jan 25, 2023",https://www.japantimes.co.jp/life/2023/01/25/food/lab-grown-meat-us/
Life's no longer rosy at Senegal's pink lake after floods,,"Jan 25, 2023",https://www.japantimes.co.jp/news/2023/01/25/world/senegal-pink-lake-flood/
Classified documents found at former U.S. Vice President Pence's home,Jeff Mason,"Jan 25, 2023",https://www.japantimes.co.jp/news/2023/01/25/world/pence-classified-documents-home/
U.S. wobbles under burden of keeping too many classified secrets,Charlotte Plantive," | ,Jan 27, 2023",https://www.japantimes.co.jp/news/2023/01/27/world/us-classified-documents-burden/
Five U.S. police officers charged with beating Black man to death,,"Jan 27, 2023",https://www.japantimes.co.jp/news/2023/01/27/world/us-police-beating-charges/
"Lebanese elite bury blast probe, pushing fragile state closer to edge",Maya Gebeily," | ,Jan 27, 2023",https://www.japantimes.co.jp/news/2023/01/27/world/beirut-blast-probe-elite/
The Amazon is deteriorating too fast for species and the climate to adapt,Carly Wanna,"Jan 27, 2023",https://www.japantimes.co.jp/news/2023/01/27/world/amazon-species-climate/
Ukraine faces deadly Russian missile onslaught after securing tanks from allies,,"Jan 27, 2023",https://www.japantimes.co.jp/news/2023/01/27/world/ukraine-missile-barrage/
Zelenskyy purges officials to keep Ukrainians and West onside,Dan Peleschuk," | ,Jan 26, 2023",https://www.japantimes.co.jp/news/2023/01/26/world/volodymyr-zelenskyy-corruption-fight/
"Western tanks are coming to Ukraine, but will they be enough?",Lara Jakes,"Jan 26, 2023",https://www.japantimes.co.jp/news/2023/01/26/world/battle-tanks-ukraine-war-impact/
U.S. to test nuclear-powered spacecraft by 2027,,"Jan 26, 2023",https://www.japantimes.co.jp/news/2023/01/26/world/nasa-nuclear-powered-craft/
Trump reinstated to Facebook and Instagram after two-year ban,Kurt Wagner,"Jan 26, 2023",https://www.japantimes.co.jp/news/2023/01/26/world/trump-facebook-instagram-return/
"Updated COVID-19 vaccines prevented illness from latest variants, CDC says",,"Jan 26, 2023",https://www.japantimes.co.jp/news/2023/01/26/world/covid-variants-vaccines-effectiveness-cdc/
Germany and U.S. to send battle tanks to help Ukraine fight off Russia,,"Jan 26, 2023",https://www.japantimes.co.jp/news/2023/01/26/world/germany-us-ukraine-tanks/
Secret documents land in all the wrong places in messy U.S. system,Ryan Teague Beckwith,"Jan 25, 2023",https://www.japantimes.co.jp/news/2023/01/25/world/us-classified-documents-wrong-place/
"U.S. and Germany set to send tanks to Ukraine, breaking deadlock",Jenny Leonard,"Jan 25, 2023",https://www.japantimes.co.jp/news/2023/01/25/world/us-germany-tanks/
Ukraine pledges sweeping personnel changes as allies jostle over tanks,,"Jan 24, 2023",https://www.japantimes.co.jp/news/2023/01/24/world/ukraine-corruption-russia-war/
How three dust specks reveal an asteroid's secrets,Sara Hussein," / ,Jan 24, 2023",https://www.japantimes.co.jp/news/2023/01/24/world/science-health-world/dust-specks-asteroids-secrets/
"Earth's inner core may have started spinning other way, study says",," / ,Jan 24, 2023",https://www.japantimes.co.jp/news/2023/01/24/world/science-health-world/earths-core-spinning-other-way/
How long can a healthy human live?,Isabelle Tourne," / , | ,Jan 24, 2023",https://www.japantimes.co.jp/news/2023/01/24/world/science-health-world/long-can-healthy-human-live/
Even Democrats are now critical of Biden over documents mess,Jordan Fabian," / ,Jan 24, 2023",https://www.japantimes.co.jp/news/2023/01/24/world/politics-diplomacy-world/biden-documents-democrats-critical/
New shootings rock California as police probe Lunar New Year killings,," / ,Jan 24, 2023",https://www.japantimes.co.jp/news/2023/01/24/world/crime-legal-world/us-california-mass-shooting-dance-studio/
Germany's top diplomat says Berlin would not block Poland from sending tanks to Ukraine,,"Jan 23, 2023",https://www.japantimes.co.jp/news/2023/01/23/world/germany-poland-tanks-ukraine/
How Europe needs freight trains to cross Russia from China,Jonathan Tirone,"Jan 23, 2023",https://www.japantimes.co.jp/news/2023/01/23/world/europe-china-trains/
"Despite crackdown, Iran protesters still challenging regime",," | ,Jan 23, 2023",https://www.japantimes.co.jp/news/2023/01/23/world/iran-protests-crackdown/
U.S. abortion rights 'war' rages on 50 years after now-defunct ruling,," / ,Jan 23, 2023",https://www.japantimes.co.jp/news/2023/01/23/world/social-issues-world/u-s-abortion-war/
Biden expected to name COVID czar Jeff Zients as new chief of staff,," / ,Jan 23, 2023",https://www.japantimes.co.jp/news/2023/01/23/world/politics-diplomacy-world/joe-biden-jeff-zients-chief-of-staff/
France and Germany seek to relaunch ties despite Ukraine strains,," / ,Jan 23, 2023",https://www.japantimes.co.jp/news/2023/01/23/world/politics-diplomacy-world/germany-olaf-scholz-france-emmanuel-macron/
California standoff ends after Lunar New Year mass shooting leaves 10 dead,," / ,Jan 23, 2023",https://www.japantimes.co.jp/news/2023/01/23/world/crime-legal-world/california-mass-shooting-lunar-new-year/
Latin American cocaine cartels bring violence to Europe,Laetitia Drevet,"Jan 23, 2023",https://www.japantimes.co.jp/news/2023/01/23/world/drugs-cocaine-violence-europe/
Germany beat Putin’s energy squeeze. But for how long?,Petra Sorge,"Jan 22, 2023",https://www.japantimes.co.jp/news/2023/01/22/world/germany-russia-energy/
'Not broken by war': Ukraine holds funeral for minister killed in crash,Elizabeth Striy,"Jan 22, 2023",https://www.japantimes.co.jp/news/2023/01/22/world/denys-monastyrsky-ukraine-funeral/
Canada settles $2 billion suit over ‘cultural genocide’ at residential schools,Ian Austen,"Jan 22, 2023",https://www.japantimes.co.jp/news/2023/01/22/world/canada-lawsuit-settle-indigenous-peoples/
More classified documents found in search of Biden home,," / ,Jan 22, 2023",https://www.japantimes.co.jp/news/2023/01/22/world/politics-diplomacy-world/joe-biden-more-secret-documents/
"Amid mounting frustration with Germany, Ukraine holds out hope it will get tanks",Cassandra Vinograd,"Jan 22, 2023",https://www.japantimes.co.jp/news/2023/01/22/world/ukraine-germany-tanks/
Abandoned children of U.N. peacekeepers in Congo face stigma,Ricky Ombeni,"Jan 21, 2023",https://www.japantimes.co.jp/news/2023/01/21/world/congo-un-peacekeeper-children-stigma/
The NATO alliance is holding strong on Ukraine. But fractures are emerging.,David E. Sanger," | ,Jan 21, 2023",https://www.japantimes.co.jp/news/2023/01/21/world/nato-ukraine-tanks-germany/
Horror of station massacre hangs heavy over Ukraine's Kramatorsk,Cecile Feuillatre,"Jan 21, 2023",https://www.japantimes.co.jp/news/2023/01/21/world/kramatorsk-missile-train-station-recovery/
Western military aid girds Kyiv for counterattacks despite tank deadlock,Tom Balmforth,"Jan 21, 2023",https://www.japantimes.co.jp/news/2023/01/21/world/ukraine-arms-russia-war/
Allies fail to agree on heavy tanks sought by Ukraine,,"Jan 21, 2023",https://www.japantimes.co.jp/news/2023/01/21/world/germany-tanks-ukraine-russia-counteroffensive/
White House says Biden won’t negotiate in debt talks with new Republican House speaker,," / ,Jan 21, 2023",https://www.japantimes.co.jp/news/2023/01/21/world/politics-diplomacy-world/joe-biden-kevin-mccarthy-us-debt-limit-talks/
"Out of Nile, into tile: Young Egyptians battle plastic plague",Bahira Amin,"Jan 20, 2023",https://www.japantimes.co.jp/news/2023/01/20/world/egypt-plastic-recycle-tiles/
"At wartime Davos forum, calls for European unity are eased by relief",Mark Landler,"Jan 19, 2023",https://www.japantimes.co.jp/news/2023/01/19/world/davos-ukraine-war/
"COVID immunity lasts at least a year after infection plus shots, study says",," / ,Jan 19, 2023",https://www.japantimes.co.jp/news/2023/01/19/world/science-health-world/covid-immunity-infection-shots/
"Carbon dioxide removal efforts lagging far behind what is needed, researchers say",Sybilla Gross,"Jan 19, 2023",https://www.japantimes.co.jp/news/2023/01/19/world/carbon-removal-efforts-lag/
Ukrainian interior minister killed in helicopter crash,Max Hunder,"Jan 19, 2023",https://www.japantimes.co.jp/news/2023/01/19/world/ukraine-interior-minister-helicopter-crash/
Germany's new defense minister faces pressure on tanks and army upgrade,Sarah Marsh," / ,Jan 18, 2023",https://www.japantimes.co.jp/news/2023/01/18/world/politics-diplomacy-world/boris-pistorius-germany-defense-minister/
"Hideouts, wigs and cash: An Italian mobster's life on the run",Gael Branchereau,"Jan 18, 2023",https://www.japantimes.co.jp/news/2023/01/18/world/italian-mafia-boss-life/
"Alarmed by AI chatbots, universities start revamping how they teach",Kelly Huang,"Jan 18, 2023",https://www.japantimes.co.jp/news/2023/01/18/world/ai-chatbots-alarm/
Study reveals little-known climate cooler: atmospheric dust,Coco Liu," / ,Jan 20, 2023",https://www.japantimes.co.jp/news/2023/01/20/world/science-health-world/atmospheric-dust-climate-study/
U.S. hits debt ceiling as partisan standoff sparks economic worries,David Morgan," / ,Jan 20, 2023",https://www.japantimes.co.jp/news/2023/01/20/world/politics-diplomacy-world/us-debt-ceiling-partisan-standoff/
Canada’s new guidelines for alcohol say ‘no amount’ is healthy,Michael Levenson," / ,Jan 19, 2023",https://www.japantimes.co.jp/news/2023/01/19/world/science-health-world/canada-alcohol-health-guidelines/
Pentagon sends U.S. arms stored in Israel to Ukraine,Eric Schmitt,"Jan 18, 2023",https://www.japantimes.co.jp/news/2023/01/18/world/pentagon-ukraine-weapons-israel/
Boris Pistorius to be new German defense minister amid momentous change,Femke Colborne,"Jan 18, 2023",https://www.japantimes.co.jp/news/2023/01/18/world/new-germany-defense-minister/
Top U.S. envoy to make long-awaited China visit on Feb. 5 and 6,Shaun Tandon,"Jan 18, 2023",https://www.japantimes.co.jp/news/2023/01/18/world/blinken-china-visit/
Vietnam president quits as Communist Party intensifies graft crackdown,," / ,Jan 17, 2023",https://www.japantimes.co.jp/news/2023/01/17/world/politics-diplomacy-world/vietnam-president-nguyen-xuan-phuc-quits/
Scientists use laser to guide lightning bolt for first time,Pierre Celerier," / ,Jan 17, 2023",https://www.japantimes.co.jp/news/2023/01/17/world/science-health-world/lightning-bolt-laser-guide/
Brazil's crowdfunded insurrection leaves paper trail for police,Gabriel Stargardter,"Jan 17, 2023",https://www.japantimes.co.jp/news/2023/01/17/world/brazil-insurrection-paper-trail/
German defense minister quits at crunch moment for Ukraine aid,Femke Colborne,"Jan 17, 2023",https://www.japantimes.co.jp/news/2023/01/17/world/german-defense-minister-quit/
Ukraine missile toll rises to 40 as Russia denies attack,Vitalii Matokha,"Jan 17, 2023",https://www.japantimes.co.jp/news/2023/01/17/world/ukraine-missile-toll-rises/
"Runaway Antarctic ice sheet collapse not 'inevitable,' study says",Kelly Macnamara,"Jan 17, 2023",https://www.japantimes.co.jp/news/2023/01/17/world/antarctic-ice-sheet-collapse-not-inevitable/
The drug mules carrying Europe's cocaine in their guts,," / , | ,Jan 16, 2023",https://www.japantimes.co.jp/news/2023/01/16/world/crime-legal-world/europe-drug-mules/
Putin buys off the poor and writes off middle class with war budget,,"Jan 16, 2023",https://www.japantimes.co.jp/news/2023/01/16/world/putin-buys-off-poor/
EU parliament chief to unveil reforms amid graft scandal,,"Jan 16, 2023",https://www.japantimes.co.jp/news/2023/01/16/world/eu-parliament-chief-unveil-reforms-amid-graft-scandal/
NATO hints at more heavy weapons for Ukraine,,"Jan 16, 2023",https://www.japantimes.co.jp/news/2023/01/16/world/nato-weapons-ukraine/
The German town at the heart of a debate over coal and climate,Josefine Fokuhl,"Jan 16, 2023",https://www.japantimes.co.jp/news/2023/01/16/world/village-germany-coal-revival/
"Russian strikes hit targets across Ukraine, leaving at least 14 dead in Dnipro",,"Jan 15, 2023",https://www.japantimes.co.jp/news/2023/01/15/world/ukraine-dnipro-apartment/
"Britain says it will give Ukraine tanks, breaching a Western restriction",Megan Specia,"Jan 15, 2023",https://www.japantimes.co.jp/news/2023/01/15/world/britain-battle-tanks-ukraine/
Biden’s missteps on secret papers create a self-inflicted crisis,Justin Sink," / ,Jan 15, 2023",https://www.japantimes.co.jp/news/2023/01/15/world/politics-diplomacy-world/biden-classified-documents-2/
Iran executes British Iranian dual national accused of spying,,"Jan 15, 2023",https://www.japantimes.co.jp/news/2023/01/15/world/iran-uk-citizen-executed/
Russian missiles strike vital infrastructure in Kyiv and Kharkiv,,"Jan 14, 2023",https://www.japantimes.co.jp/news/2023/01/14/world/russia-missiles-kyiv/
Russian mercenary boss courts Putin with Ukrainian battlefield success,Andrew Osborn," | ,Jan 14, 2023",https://www.japantimes.co.jp/news/2023/01/14/world/yevgeny-prigozhin-putin-favor/
Pfizer's bivalent vaccine linked to rare strokes in older people in preliminary U.S. data,," / ,Jan 14, 2023",https://www.japantimes.co.jp/news/2023/01/14/world/science-health-world/pfizer-shots-stroke-link/
Russia may hike taxes as military spending and oil price weigh on budget,Darya Korsunskaya," | ,Jan 14, 2023",https://www.japantimes.co.jp/news/2023/01/14/world/russia-military-oil-taxes/
Biden vs. Trump: The difference between the two classified-records cases,Sarah N. Lynch," / , | ,Jan 13, 2023",https://www.japantimes.co.jp/news/2023/01/13/world/politics-diplomacy-world/biden-files-garland-probe-explainer/
Uganda and WHO declare end to Ebola outbreak after new cases abate,," / ,Jan 12, 2023",https://www.japantimes.co.jp/news/2023/01/12/world/science-health-world/uganda-epidemic-ebola-end/
Biden’s classified-document headache worsens with second batch,Jordan Fabian," / ,Jan 12, 2023",https://www.japantimes.co.jp/news/2023/01/12/world/politics-diplomacy-world/biden-classified-documents/
Scientists sound alarm as ocean temperatures hit new record,," / ,Jan 12, 2023",https://www.japantimes.co.jp/news/2023/01/12/world/science-health-world/oceans-hottest-ever/
"As Ukraine battlefields freeze, don’t expect the big offensive yet",Marc Champion,"Jan 12, 2023",https://www.japantimes.co.jp/news/2023/01/12/world/ukraine-russia-winter-offensive-not-yet/
U.S. flight chaos puts harsh spotlight on FAA after tense year,Alan Levin,"Jan 12, 2023",https://www.japantimes.co.jp/news/2023/01/12/world/us-aviation-chaotic-year/
Activists urge U.S. apology and compensation for nuclear testing in the Pacific,David Brunnstrom,"Jan 12, 2023",https://www.japantimes.co.jp/news/2023/01/12/world/activists-urge-us-apology/
California deluged by record rain with more storms on the way,,"Jan 12, 2023",https://www.japantimes.co.jp/news/2023/01/12/world/california-rains-continue/
How Western goods reach Russia: a long line of trucks through Georgia,Ivan Nechepurenko,"Jan 14, 2023",https://www.japantimes.co.jp/news/2023/01/14/world/russia-western-goods-georgia/
"Russia claims capture of Ukraine's Soledar, but Kyiv says still fighting",,"Jan 14, 2023",https://www.japantimes.co.jp/news/2023/01/14/world/soledar-russia-ukraine-war/
Brazil top court to investigate Jair Bolsonaro's role in Brasilia riots,," / ,Jan 14, 2023",https://www.japantimes.co.jp/news/2023/01/14/world/politics-diplomacy-world/jair-bolsonaro-brazil-supreme-court-investigation/
China and Canada pressed on biodiversity leadership after delivering COP15 pact,Michael Taylor," | ,Jan 13, 2023",https://www.japantimes.co.jp/news/2023/01/13/world/cop15-biodiversity-pact-fast-action/
"In fresh talks, U.K. and EU aim for deal to end Brexit clash over Irish trade",Alberto Nardelli,"Jan 13, 2023",https://www.japantimes.co.jp/news/2023/01/13/world/fresh-u-k-eu-brexit-talks/
Biden’s exposure on files widens after Garland orders probe,Jordan Fabian," / ,Jan 13, 2023",https://www.japantimes.co.jp/news/2023/01/13/world/politics-diplomacy-world/biden-files-garland-probe/
Ukraine says forces are holding out as 500 civilians remain trapped Soledar,,"Jan 13, 2023",https://www.japantimes.co.jp/news/2023/01/13/world/ukraine-russia-battle-for-soledar/
Fate of Ukraine's Soledar uncertain as Wagner claims control,,"Jan 12, 2023",https://www.japantimes.co.jp/news/2023/01/12/world/russia-ukraine-eastern-city/
Airlines hope for return to normal after FAA outage snarls U.S. travel,Jamie Freed,"Jan 11, 2023",https://www.japantimes.co.jp/news/2023/01/11/world/faa-planes-delayed/
Turning a snowless ski resort into a national park is complicated,Laura Millan Lombrana,"Jan 11, 2023",https://www.japantimes.co.jp/news/2023/01/11/world/snowless-ski-resort-complications/
Bolsonaro finds a refuge near the ‘Most Magical Place on Earth’,Michael Smith,"Jan 11, 2023",https://www.japantimes.co.jp/news/2023/01/11/world/bolsonaro-disney-world/
Bolsonaro's Florida stay puts ball in Biden's court after Brasilia riots,Gabriel Stargardter,"Jan 9, 2023",https://www.japantimes.co.jp/news/2023/01/09/world/bolsonaro-florida-biden-pressure/
Sweden says it can't meet some of Turkey's demands for NATO bid,,"Jan 9, 2023",https://www.japantimes.co.jp/news/2023/01/09/world/sweden-nato-bid-turkey-demands/
Biden visits U.S.-Mexico border as immigration issue heats up,Jarrett Renshaw,"Jan 9, 2023",https://www.japantimes.co.jp/news/2023/01/09/world/biden-visits-mexico-border/
No sign of casualties after Russia claims revenge attack on Ukrainian soldiers,Vladyslav Smilianets,"Jan 9, 2023",https://www.japantimes.co.jp/news/2023/01/09/world/russia-missile-strike-no-casualties/
"Bolsonaro supporters invade Brazil presidential palace, Congress and Supreme Court",Adriano Machado,"Jan 9, 2023",https://www.japantimes.co.jp/news/2023/01/09/world/bolsonaro-supporters-invade-presidential-palace/
NATO declines Serbia's request to deploy its troops in Kosovo,,"Jan 8, 2023",https://www.japantimes.co.jp/news/2023/01/08/world/kosovo-clashes/
Moscow ends self-proclaimed 36-hour cease-fire,,"Jan 8, 2023",https://www.japantimes.co.jp/news/2023/01/08/world/russia-ends-cease-fire/
"Health experts warily eye XBB.1.5, the latest omicron subvariant",Carl Zimmer," / ,Jan 8, 2023",https://www.japantimes.co.jp/news/2023/01/08/world/science-health-world/omicron-variant-xbb/
"In a Ukraine workshop, the quest to build the perfect grenade",Thomas Gibbons-Neff,"Jan 8, 2023",https://www.japantimes.co.jp/news/2023/01/08/world/ukraine-grenade/
Seattle schools sue Big Tech over youth mental health crisis,Peter Blumberg," / ,Jan 8, 2023",https://www.japantimes.co.jp/news/2023/01/08/world/crime-legal-world/seattle-social-media-sue/
U.S. House Speaker Kevin McCarthy starts out with agenda already hemmed in by dissidents,Mike Dorning,"Jan 8, 2023",https://www.japantimes.co.jp/news/2023/01/08/world/house-speaker-agenda/
Ukrainians mark Orthodox Christmas in Poland with a prayer to return home,Agnieszka Pikulicka-Wilczewska,"Jan 7, 2023",https://www.japantimes.co.jp/news/2023/01/07/world/ukraine-orthodox-christmas-poland/
Alzheimer’s drug made jointly by Japan's Eisai wins accelerated U.S. approval,," / ,Jan 7, 2023",https://www.japantimes.co.jp/news/2023/01/07/world/science-health-world/us-eisai-alzheimers-drug-approval/
"‘Crisis and confusion’: Four days of Republican barbs, chaos and cigars",Laura Litvan," / ,Jan 7, 2023",https://www.japantimes.co.jp/news/2023/01/07/world/politics-diplomacy-world/kevin-mccarthy-speaker-chaos/
Biden's new border plan undercuts campaign vow to restore asylum access,Ted Hesson," / , | ,Jan 7, 2023",https://www.japantimes.co.jp/news/2023/01/07/world/politics-diplomacy-world/joe-biden-asylum-policy-analysis/
"After bitter intraparty dispute, Kevin McCarthy named U.S. House speaker",," / ,Jan 7, 2023",https://www.japantimes.co.jp/news/2023/01/07/world/politics-diplomacy-world/kevin-mccarthy-house-leadership-14th-loss/
"International fusion energy project faces delays, chief says",," / ,Jan 7, 2023",https://www.japantimes.co.jp/news/2023/01/07/world/science-health-world/international-nuclear-fusion-delay/
'What cease-fire?' Shells fly at Ukraine front despite Putin's truce.,,"Jan 7, 2023",https://www.japantimes.co.jp/news/2023/01/07/world/russia-ukraine-war-ceasefire/
Collapse and contamination: Mexican scientists sound alarm over Mayan Train,Cassandra Garrison,"Jan 6, 2023",https://www.japantimes.co.jp/news/2023/01/06/world/collapse-contamination-mexico-train/
New Arab allies face quandary as Israel shifts hard to the right,Nidal Al-Mughrabi,"Jan 6, 2023",https://www.japantimes.co.jp/news/2023/01/06/world/new-arab-allies-quandary/
'A person has a limit': Elderly languish in war-hit east Ukraine,Robbie Corey-Boulet,"Jan 11, 2023",https://www.japantimes.co.jp/news/2023/01/11/world/elderly-languish-ukraine-war/
Longtime Trump CFO Allen Weisselberg gets 5 months in prison in tax fraud case,Karen Freifeld,"Jan 11, 2023",https://www.japantimes.co.jp/news/2023/01/11/world/longtime-trump-cfo-sentenced/
Biden says he was surprised by classified documents discovery,Josh Wingrove,"Jan 11, 2023",https://www.japantimes.co.jp/news/2023/01/11/world/biden-surprised-classified-documents/
WHO urges travelers to wear masks as new COVID variant spreads,,"Jan 11, 2023",https://www.japantimes.co.jp/news/2023/01/11/world/who-covid-masks-flights/
Russia's Wagner mercenaries battle Ukrainian resistance in Soledar's town center,Tom Balmforth,"Jan 11, 2023",https://www.japantimes.co.jp/news/2023/01/11/world/ukraine-russia-soledar-control/
What drove a mass attack on Brazil’s capital? Mass delusion.,Jack Nicas,"Jan 10, 2023",https://www.japantimes.co.jp/news/2023/01/10/world/brazil-riots-conspiracy-theories/
Classified documents from Biden's vice presidency found at think tank,,"Jan 10, 2023",https://www.japantimes.co.jp/news/2023/01/10/world/biden-documents-think-tank/
"Restoration of the ozone layer is back on track, scientists say",Henry Fountain,"Jan 10, 2023",https://www.japantimes.co.jp/news/2023/01/10/world/ozone-hole-restoration/
Lula slams far-right 'terrorism' as Brazil clears protest camps,,"Jan 10, 2023",https://www.japantimes.co.jp/news/2023/01/10/world/brazil-lula-protests-cleanup/
California lashed by deadly 'atmospheric river' storm,,"Jan 6, 2023",https://www.japantimes.co.jp/news/2023/01/06/world/california-battered-by-storm/
Brazil's Bolsonaro faces legal risks after losing immunity,Ricardo Brito," | ,Jan 5, 2023",https://www.japantimes.co.jp/news/2023/01/05/world/brazil-bolsonaro-legal-risks-losing-immunity/
Deadly Ukraine strike reveals Russian tech weakness,Didier Lauras,"Jan 5, 2023",https://www.japantimes.co.jp/news/2023/01/05/world/ukraine-strike-russian-tech-weakness/
Iran warns France over 'insulting' Khamenei cartoons,,"Jan 5, 2023",https://www.japantimes.co.jp/news/2023/01/05/world/iran-warns-france-khamenei-cartoons/
Many thousands expected for funeral of former Pope Benedict,,"Jan 5, 2023",https://www.japantimes.co.jp/news/2023/01/05/world/pope-benedict-funeral-plans/
CCTV cameras will watch over Egyptians in new high-tech capital,,"Jan 5, 2023",https://www.japantimes.co.jp/news/2023/01/05/world/cctv-cameras-egyptians-tech/
Sunak’s speech promises not as straight-talking as they seem,Alex Wickham," / ,Jan 5, 2023",https://www.japantimes.co.jp/news/2023/01/05/world/politics-diplomacy-world/uk-rishi-sunak-speech-promises/
Kevin McCarthy's allies struggle to save his bid for U.S. House speaker,," / ,Jan 5, 2023",https://www.japantimes.co.jp/news/2023/01/05/world/politics-diplomacy-world/us-house-speaker-mccarthy-vote-drag-out/
Gazans risk death at sea dreaming of life in Europe,Adel Zaanoun,"Jan 4, 2023",https://www.japantimes.co.jp/news/2023/01/04/world/gazans-risk-death-sea/
How pro-Putin operatives in Germany work to turn Berlin against Ukraine,Polina Nikolskaya,"Jan 4, 2023",https://www.japantimes.co.jp/news/2023/01/04/world/pro-putin-operatives-germany/
'Feels like summer': Warm winter breaks temperature records in Europe,Matthias Williams,"Jan 6, 2023",https://www.japantimes.co.jp/news/2023/01/06/world/warm-winter-records-europe/
Pope Francis leads final farewell to Benedict before thousands,,"Jan 6, 2023",https://www.japantimes.co.jp/news/2023/01/06/world/pope-benedict-funeral/
"McCarthy fails in 11th U.S. Speaker vote, cementing longest fight since 1859",Billy House," / ,Jan 6, 2023",https://www.japantimes.co.jp/news/2023/01/06/world/politics-diplomacy-world/mccarthy-fails-11th-speaker-vote/
Kyiv dismisses Putin's surprise cease-fire order as 'hypocrisy',,"Jan 6, 2023",https://www.japantimes.co.jp/news/2023/01/06/world/putin-orders-ceasefire/
Ukraine fights Russian assault on salt mining town along eastern front,,"Jan 10, 2023",https://www.japantimes.co.jp/news/2023/01/10/world/ukraine-eastern-front-fighting/
European satellite launch fails to reach orbit,,"Jan 10, 2023",https://www.japantimes.co.jp/news/2023/01/10/world/europe-satellite-launch/
Italy's resurgent right takes on a woman's right to choose,Joanna Gill," / ,Jan 9, 2023",https://www.japantimes.co.jp/news/2023/01/09/world/social-issues-world/italy-resurgent-right-abortion-rights/
'Fix it' with money: Nicaraguan migrants run into Honduran graft,,"Jan 4, 2023",https://www.japantimes.co.jp/news/2023/01/04/world/fix-money-nicaraguan-migrants/
"Between war and red tape, many Iraqis lack official papers",Tony Gamal-Gabriel,"Jan 4, 2023",https://www.japantimes.co.jp/news/2023/01/04/world/iraqis-war-red-tape/
'Not a traitor': The Russians fighting alongside Ukraine's forces,Cecile Feuillatre,"Jan 4, 2023",https://www.japantimes.co.jp/news/2023/01/04/world/russians-fight-with-ukrainians/
Robot fireflies and okra band-aids: 2022's nature-inspired solutions,,"Jan 4, 2023",https://www.japantimes.co.jp/news/2023/01/04/world/nature-inspired-solutions/
U.S. House adjourns with Kevin McCarthy’s speaker bid still in doubt,Billy House,"Jan 4, 2023",https://www.japantimes.co.jp/news/2023/01/04/world/kevin-mccarthy-speaker-bid-in-doubt/
Experts skeptical that China travel curbs will be effective,Isabelle Tourne,"Jan 4, 2023",https://www.japantimes.co.jp/news/2023/01/04/world/experts-skeptical-china-travel-curbs/
Most EU countries back pre-departure COVID testing for flights from China,,"Jan 4, 2023",https://www.japantimes.co.jp/news/2023/01/04/world/eu-backs-china-predeparture-covid-tests/
Russia blames its soldiers' mobile phone use for deadly missile strike,Bogdan Kochubey,"Jan 4, 2023",https://www.japantimes.co.jp/news/2023/01/04/world/russia-blames-soldiers-mobile-phone-use/
The world’s fantasy destination has an answer to climate oblivion,Ross Urken,"Jan 3, 2023",https://www.japantimes.co.jp/news/2023/01/03/world/fari-islands-climate-answer/
How Russia’s war on Ukraine is worsening global starvation,Edward Wong,"Jan 3, 2023",https://www.japantimes.co.jp/news/2023/01/03/world/ukraine-war-global-starvation/
Russian anger grows over strike that killed dozens of troops in Ukraine,Pavel Polityuk,"Jan 3, 2023",https://www.japantimes.co.jp/news/2023/01/03/world/russia-eastern-ukraine/
Kevin McCarthy struggles for top spot in new Republican-led U.S. Congress,Doina Chiacu,"Jan 3, 2023",https://www.japantimes.co.jp/news/2023/01/03/world/mccarthy-struggles-us-congress/
War-themed video game fuels wave of Ukraine conflict misinformation,Anuj Chopra,"Jan 2, 2023",https://www.japantimes.co.jp/news/2023/01/02/world/video-game-ukraine-misinformation/
"‘OK, Mexico, save me’: After China, this is where globalization may lead",Peter S. Goodman,"Jan 2, 2023",https://www.japantimes.co.jp/news/2023/01/02/world/globalization-after-china/
U.S. ignored own scientists' warning in backing Atlantic wind farm,Jennifer A. Dlouhy,"Jan 2, 2023",https://www.japantimes.co.jp/news/2023/01/02/world/us-wind-farm-warning-ignored/
U.S. in talks with Seoul on deterring North Korea from using nukes,Jenny Leonard,"Jan 3, 2023",https://www.japantimes.co.jp/news/2023/01/03/world/us-seoul-nuclear-deterrence-talks/
Investigations and gridlock: What to expect in the U.S. Congress in 2023,Frankie Taggart,"Jan 3, 2023",https://www.japantimes.co.jp/news/2023/01/03/world/us-congress-2023-expectations/
A bittersweet first year for Germany’s new chancellor,Erika Solomon,"Jan 3, 2023",https://www.japantimes.co.jp/news/2023/01/03/world/bittersweet-first-year-olaf-scholz/
Biden says no nuclear drills with Seoul after Yoon’s comments,Alexis Shan,"Jan 3, 2023",https://www.japantimes.co.jp/news/2023/01/03/world/biden-no-nuclear-drills-seoul/
Lula takes reins in Brazil and slams Bolsonaro's anti-democratic threats,Anthony Boadle,"Jan 2, 2023",https://www.japantimes.co.jp/news/2023/01/02/world/lula-takes-brazil-reins/
Death of former Pope Benedict overshadows New Year at Vatican,Philip Pullella,"Jan 2, 2023",https://www.japantimes.co.jp/news/2023/01/02/world/vatican-new-year-pope-benedict/
"Russian drones attack critical infrastructure in and around Kyiv, officials say",Pavel Polityuk,"Jan 2, 2023",https://www.japantimes.co.jp/news/2023/01/02/world/defiant-ukrainians-cheer-new-year/
World steps into 2023 after turbulent year,,"Jan 1, 2023",https://www.japantimes.co.jp/news/2023/01/01/world/global-new-years-celebrations/
The ‘red wave’ washout: How skewed polls fed a false U.S. election narrative,Jim Rutenberg," / ,Jan 1, 2023",https://www.japantimes.co.jp/news/2023/01/01/world/politics-diplomacy-world/republican-red-wave-polling-mishap/
Former Pope Benedict dies at age 95,Philip Pullella,"Dec 31, 2022",https://www.japantimes.co.jp/news/2022/12/31/world/pope-benedict-obituary/
"In battered Ukrainian city, the latest battle is against winter",Natalia Yermak,"Dec 31, 2022",https://www.japantimes.co.jp/news/2022/12/31/world/ukraine-winter/
Pioneering U.S. television journalist Barbara Walters dies at 93,Bill Trott,"Dec 31, 2022",https://www.japantimes.co.jp/news/2022/12/31/world/barbara-walters-dies-93/
A town-by-town battle to sell Americans on renewable energy,David Gelles,"Dec 31, 2022",https://www.japantimes.co.jp/news/2022/12/31/world/us-wind-projects-controversy/
"Three years in, COVID's true death toll still elusive",,"Dec 31, 2022",https://www.japantimes.co.jp/news/2022/12/31/world/covid-excess-deaths/
"Xi and Putin meet again, two strongmen in a weak moment",David Pierson," | ,Dec 31, 2022",https://www.japantimes.co.jp/news/2022/12/31/world/putin-xi-meet-weakened/
Big write-offs and tax-cut perks: Key takeaways from Trump’s tax returns,Laura Davison," / ,Dec 31, 2022",https://www.japantimes.co.jp/news/2022/12/31/world/politics-diplomacy-world/trump-tax-return-takeaways/
Moscow on the Med: A faraway war transforms a Turkish resort town,Ben Hubbard,"Dec 31, 2022",https://www.japantimes.co.jp/news/2022/12/31/world/russia-war-transforms-turkish-resort-town/
Israel's Netanyahu returns to power with extreme-right government,Guillaume Lavallee,"Dec 30, 2022",https://www.japantimes.co.jp/news/2022/12/30/world/netanyahu-power-return/
European health officials oppose restrictions on travel from China,Tim Loh,"Dec 30, 2022",https://www.japantimes.co.jp/news/2022/12/30/world/europe-china-covid-travel-restrictions/
Sirens wail in Kyiv as city hit by Russian drone attack,Pavel Polityuk,"Dec 30, 2022",https://www.japantimes.co.jp/news/2022/12/30/world/ukraine-power-outages/
King penguins survived hunters. Now they face climate change.,Emmanuelle Trecolle,"Dec 29, 2022",https://www.japantimes.co.jp/news/2022/12/29/world/king-penguins-climate-change/
Serbs in northern Kosovo to start removing barricades,,"Dec 29, 2022",https://www.japantimes.co.jp/news/2022/12/29/world/serbs-kosovo-removing-barricades/
Remote workers descend on Mexico City and housing prices surge,David Shortell," / ,Dec 29, 2022",https://www.japantimes.co.jp/news/2022/12/29/world/social-issues-world/mexico-city-digital-nomads-housing/
Putin's gift to allies spark 'Lord of the Rings' jokes,,"Dec 29, 2022",https://www.japantimes.co.jp/news/2022/12/29/world/russia-gifts-rings-allies/
"Heat will stay on in Europe this winter, but after?",Ivan Couronne,"Dec 29, 2022",https://www.japantimes.co.jp/news/2022/12/29/world/heat-europe-winter-after/
U.S. to impose China COVID testing as virus surge jangles global nerves,Laurie Chen,"Dec 29, 2022",https://www.japantimes.co.jp/news/2022/12/29/world/us-china-covid-tests-travel/
Putin and Xi hold talks as Russia struggles with war in Ukraine,,"Dec 30, 2022",https://www.japantimes.co.jp/news/2022/12/30/world/putin-xi-talks/
Dressing 'revolution' seeks artificial skin for burn victims,Marie-Morgane Le Moel,"Dec 30, 2022",https://www.japantimes.co.jp/news/2022/12/30/world/dressing-revolution-artificial-skin/
What is the link between winter storms and climate change?,Lucie Aubourg,"Dec 30, 2022",https://www.japantimes.co.jp/news/2022/12/30/world/winter-storms-global-warming/
"As AI rises, lawmakers around the world try to catch up",Joseph Boyle,"Dec 30, 2022",https://www.japantimes.co.jp/news/2022/12/30/world/ai-lawmakers-catch-up/
Romania detains ex-kickboxer Andrew Tate in human trafficking case,," / ,Dec 30, 2022",https://www.japantimes.co.jp/news/2022/12/30/world/crime-legal-world/andrew-tate-arrest/
U.S. considers airline wastewater testing as COVID surges in China,Julie Steenhuysen,"Dec 30, 2022",https://www.japantimes.co.jp/news/2022/12/30/world/us-mulls-china-wastewater-covid-testing/
"Former pope Benedict is 'very sick,' Pope Francis says",,"Dec 28, 2022",https://www.japantimes.co.jp/news/2022/12/28/world/former-pope-benedict-very-sick/
Images of 2022: World news,,"Dec 28, 2022",https://www.japantimes.co.jp/news/2022/12/28/world/world-news-images-2022/
"Caught in the crossfire, Peru protest deaths keep anger burning",Alexander Villegas,"Dec 28, 2022",https://www.japantimes.co.jp/news/2022/12/28/world/peru-protest-deaths/
